year,team,team_wikilink,pick_position,probability
2003,Cleveland Cavaliers,Cleveland Cavaliers,2,0.215
2003,Cleveland Cavaliers,Cleveland Cavaliers,3,0.178
2003,Cleveland Cavaliers,Cleveland Cavaliers,4,0.357
2003,Denver Nuggets,Denver Nuggets,1,0.225
2003,Denver Nuggets,Denver Nuggets,2,0.188
2003,Denver Nuggets,Denver Nuggets,4,0.319
2003,Denver Nuggets,Denver Nuggets,5,0.123
2003,Toronto Raptors,Toronto Raptors,1,0.157
2003,Toronto Raptors,Toronto Raptors,2,0.157
2003,Toronto Raptors,Toronto Raptors,3,0.156
2003,Toronto Raptors,Toronto Raptors,5,0.265
2003,Toronto Raptors,Toronto Raptors,6,0.04
2003,Miami Heat,Miami Heat,1,0.12
2003,Miami Heat,Miami Heat,2,0.126
2003,Miami Heat,Miami Heat,3,0.133
2003,Miami Heat,Miami Heat,4,0.099
2003,Miami Heat,Miami Heat,6,0.161
2003,Miami Heat,Miami Heat,7,0.013
2003,Los Angeles Clippers,Los Angeles Clippers,1,0.089
2003,Los Angeles Clippers,Los Angeles Clippers,2,0.097
2003,Los Angeles Clippers,Los Angeles Clippers,3,0.107
2003,Los Angeles Clippers,Los Angeles Clippers,5,0.261
2003,Los Angeles Clippers,Los Angeles Clippers,7,0.084
2003,Los Angeles Clippers,Los Angeles Clippers,8,0.004
2003,Memphis Grizzlies,Memphis Grizzlies,1,0.064
2003,Memphis Grizzlies,Memphis Grizzlies,3,0.081
2003,Memphis Grizzlies,Memphis Grizzlies,6,0.44
2003,Memphis Grizzlies,Memphis Grizzlies,7,0.304
2003,Memphis Grizzlies,Memphis Grizzlies,8,0.04
2003,Memphis Grizzlies,Memphis Grizzlies,9,0.001
2003,Chicago Bulls,Chicago Bulls,1,0.044
2003,Chicago Bulls,Chicago Bulls,2,0.049
2003,Chicago Bulls,Chicago Bulls,3,0.058
2003,Chicago Bulls,Chicago Bulls,8,0.232
2003,Chicago Bulls,Chicago Bulls,9,0.018
2003,Chicago Bulls,Chicago Bulls,10,0.0
2003,Atlanta Hawks,Atlanta Hawks,1,0.029
2003,Atlanta Hawks,Atlanta Hawks,2,0.022
2003,Atlanta Hawks,Atlanta Hawks,3,0.027
2003,Atlanta Hawks,Atlanta Hawks,9,0.197
2003,Atlanta Hawks,Atlanta Hawks,10,0.011
2003,Atlanta Hawks,Atlanta Hawks,11,0.0
2003,New York Knicks,New York Knicks,1,0.015
2003,New York Knicks,New York Knicks,2,0.022
2003,New York Knicks,New York Knicks,3,0.027
2003,New York Knicks,New York Knicks,10,0.143
2003,New York Knicks,New York Knicks,11,0.005
2003,New York Knicks,New York Knicks,12,0.0
2003,Washington Wizards,Washington Wizards,1,0.014
2003,Washington Wizards,Washington Wizards,2,0.021
2003,Washington Wizards,Washington Wizards,3,0.025
2003,Washington Wizards,Washington Wizards,11,0.087
2003,Washington Wizards,Washington Wizards,12,0.002
2003,Washington Wizards,Washington Wizards,13,0.0
2003,Golden State Warriors,Golden State Warriors,1,0.007
2003,Golden State Warriors,Golden State Warriors,2,0.009
2003,Golden State Warriors,Golden State Warriors,3,0.012
2003,Golden State Warriors,Golden State Warriors,12,0.063
2003,Golden State Warriors,Golden State Warriors,13,0.001
2003,Seattle SuperSonics,Seattle SuperSonics,1,0.006
2003,Seattle SuperSonics,Seattle SuperSonics,2,0.008
2003,Seattle SuperSonics,Seattle SuperSonics,3,0.01
2003,Seattle SuperSonics,Seattle SuperSonics,13,0.039
2003,Houston Rockets,Houston Rockets,1,0.005
2003,Houston Rockets,Houston Rockets,2,0.007
2003,Houston Rockets,Houston Rockets,3,0.009
2006,Portland Trail Blazers,Portland Trail Blazers,1,0.25
2006,Portland Trail Blazers,Portland Trail Blazers,2,0.215
2006,Portland Trail Blazers,Portland Trail Blazers,3,0.177
2006,New York Knicks,New York Knicks,1,0.199
2006,New York Knicks,New York Knicks,3,0.171
2006,New York Knicks,New York Knicks,4,0.319
2006,New York Knicks,New York Knicks,5,0.124
2006,Charlotte Bobcats,Charlotte Bobcats,1,0.138
2006,Charlotte Bobcats,Charlotte Bobcats,2,0.142
2006,Charlotte Bobcats,Charlotte Bobcats,4,0.238
2006,Charlotte Bobcats,Charlotte Bobcats,5,0.29
2006,Charlotte Bobcats,Charlotte Bobcats,6,0.045
2006,Atlanta Hawks,Atlanta Hawks,1,0.137
2006,Atlanta Hawks,Atlanta Hawks,2,0.142
2006,Atlanta Hawks,Atlanta Hawks,3,0.145
2006,Atlanta Hawks,Atlanta Hawks,4,0.085
2006,Atlanta Hawks,Atlanta Hawks,6,0.156
2006,Atlanta Hawks,Atlanta Hawks,7,0.013
2006,Toronto Raptors,Toronto Raptors,2,0.096
2006,Toronto Raptors,Toronto Raptors,3,0.106
2006,Toronto Raptors,Toronto Raptors,5,0.262
2006,Toronto Raptors,Toronto Raptors,6,0.359
2006,Toronto Raptors,Toronto Raptors,7,0.084
2006,Toronto Raptors,Toronto Raptors,8,0.004
2006,Minnesota Timberwolves,Minnesota Timberwolves,1,0.053
2006,Minnesota Timberwolves,Minnesota Timberwolves,2,0.06
2006,Minnesota Timberwolves,Minnesota Timberwolves,3,0.07
2006,Minnesota Timberwolves,Minnesota Timberwolves,7,0.33
2006,Minnesota Timberwolves,Minnesota Timberwolves,8,0.045
2006,Minnesota Timberwolves,Minnesota Timberwolves,9,0.001
2006,Boston Celtics,Boston Celtics,1,0.053
2006,Boston Celtics,Boston Celtics,2,0.06
2006,Boston Celtics,Boston Celtics,3,0.07
2006,Boston Celtics,Boston Celtics,8,0.226
2006,Boston Celtics,Boston Celtics,9,0.018
2006,Boston Celtics,Boston Celtics,10,0.0
2006,Houston Rockets,Houston Rockets,1,0.023
2006,Houston Rockets,Houston Rockets,2,0.027
2006,Houston Rockets,Houston Rockets,3,0.032
2006,Houston Rockets,Houston Rockets,9,0.184
2006,Houston Rockets,Houston Rockets,10,0.009
2006,Houston Rockets,Houston Rockets,11,0.0
2006,Golden State Warriors,Golden State Warriors,1,0.022
2006,Golden State Warriors,Golden State Warriors,2,0.026
2006,Golden State Warriors,Golden State Warriors,3,0.031
2006,Golden State Warriors,Golden State Warriors,10,0.121
2006,Golden State Warriors,Golden State Warriors,11,0.004
2006,Golden State Warriors,Golden State Warriors,12,0.0
2006,Seattle SuperSonics,Seattle SuperSonics,1,0.011
2006,Seattle SuperSonics,Seattle SuperSonics,2,0.013
2006,Seattle SuperSonics,Seattle SuperSonics,3,0.016
2006,Seattle SuperSonics,Seattle SuperSonics,11,0.089
2006,Seattle SuperSonics,Seattle SuperSonics,12,0.002
2006,Seattle SuperSonics,Seattle SuperSonics,13,0.0
2006,Orlando Magic,Orlando Magic,1,0.008
2006,Orlando Magic,Orlando Magic,2,0.009
2006,Orlando Magic,Orlando Magic,3,0.012
2006,Orlando Magic,Orlando Magic,12,0.063
2006,Orlando Magic,Orlando Magic,13,0.001
2006,Orlando Magic,Orlando Magic,14,0.0
2006,New Orleans/Oklahoma City Hornets,New Orleans Hornets,1,0.007
2006,New Orleans/Oklahoma City Hornets,New Orleans Hornets,2,0.008
2006,New Orleans/Oklahoma City Hornets,New Orleans Hornets,3,0.01
2006,New Orleans/Oklahoma City Hornets,New Orleans Hornets,13,0.039
2006,New Orleans/Oklahoma City Hornets,New Orleans Hornets,14,0.0
2006,Philadelphia 76ers,Philadelphia 76ers,1,0.006
2006,Philadelphia 76ers,Philadelphia 76ers,2,0.007
2006,Philadelphia 76ers,Philadelphia 76ers,3,0.009
2006,Philadelphia 76ers,Philadelphia 76ers,14,0.018
2006,Utah Jazz,Utah Jazz,1,0.005
2006,Utah Jazz,Utah Jazz,2,0.006
2006,Utah Jazz,Utah Jazz,3,0.007
2007,Memphis Grizzlies,Memphis Grizzlies,1,0.25
2007,Memphis Grizzlies,Memphis Grizzlies,2,0.215
2007,Memphis Grizzlies,Memphis Grizzlies,3,0.178
2007,Boston Celtics,Boston Celtics,1,0.199
2007,Boston Celtics,Boston Celtics,2,0.188
2007,Boston Celtics,Boston Celtics,3,0.171
2007,Boston Celtics,Boston Celtics,4,0.319
2007,Milwaukee Bucks,Milwaukee Bucks,1,0.156
2007,Milwaukee Bucks,Milwaukee Bucks,2,0.157
2007,Milwaukee Bucks,Milwaukee Bucks,3,0.156
2007,Milwaukee Bucks,Milwaukee Bucks,4,0.226
2007,Milwaukee Bucks,Milwaukee Bucks,5,0.265
2007,Atlanta Hawks,Atlanta Hawks,1,0.119
2007,Atlanta Hawks,Atlanta Hawks,2,0.126
2007,Atlanta Hawks,Atlanta Hawks,4,0.099
2007,Atlanta Hawks,Atlanta Hawks,5,0.35
2007,Atlanta Hawks,Atlanta Hawks,6,0.161
2007,Atlanta Hawks,Atlanta Hawks,7,0.013
2007,Seattle SuperSonics,Seattle SuperSonics,1,0.088
2007,Seattle SuperSonics,Seattle SuperSonics,3,0.107
2007,Seattle SuperSonics,Seattle SuperSonics,5,0.261
2007,Seattle SuperSonics,Seattle SuperSonics,6,0.359
2007,Seattle SuperSonics,Seattle SuperSonics,7,0.084
2007,Seattle SuperSonics,Seattle SuperSonics,8,0.004
2007,Minnesota Timberwolves,Minnesota Timberwolves,1,0.053
2007,Minnesota Timberwolves,Minnesota Timberwolves,2,0.06
2007,Minnesota Timberwolves,Minnesota Timberwolves,3,0.07
2007,Minnesota Timberwolves,Minnesota Timberwolves,6,0.439
2007,Minnesota Timberwolves,Minnesota Timberwolves,8,0.046
2007,Minnesota Timberwolves,Minnesota Timberwolves,9,0.001
2007,Portland Trail Blazers,Portland Trail Blazers,2,0.06
2007,Portland Trail Blazers,Portland Trail Blazers,3,0.07
2007,Portland Trail Blazers,Portland Trail Blazers,7,0.572
2007,Portland Trail Blazers,Portland Trail Blazers,8,0.226
2007,Portland Trail Blazers,Portland Trail Blazers,9,0.018
2007,Portland Trail Blazers,Portland Trail Blazers,10,0.0
2007,Charlotte Bobcats,Charlotte Bobcats,1,0.019
2007,Charlotte Bobcats,Charlotte Bobcats,2,0.022
2007,Charlotte Bobcats,Charlotte Bobcats,3,0.027
2007,Charlotte Bobcats,Charlotte Bobcats,9,0.196
2007,Charlotte Bobcats,Charlotte Bobcats,10,0.011
2007,Charlotte Bobcats,Charlotte Bobcats,11,0.0
2007,New York Knicks,New York Knicks,1,0.019
2007,New York Knicks,New York Knicks,2,0.022
2007,New York Knicks,New York Knicks,3,0.027
2007,New York Knicks,New York Knicks,10,0.143
2007,New York Knicks,New York Knicks,11,0.005
2007,New York Knicks,New York Knicks,12,0.0
2007,Sacramento Kings,Sacramento Kings,1,0.018
2007,Sacramento Kings,Sacramento Kings,2,0.021
2007,Sacramento Kings,Sacramento Kings,3,0.025
2007,Sacramento Kings,Sacramento Kings,11,0.087
2007,Sacramento Kings,Sacramento Kings,12,0.002
2007,Sacramento Kings,Sacramento Kings,13,0.0
2007,Indiana Pacers,Indiana Pacers,1,0.008
2007,Indiana Pacers,Indiana Pacers,2,0.009
2007,Indiana Pacers,Indiana Pacers,3,0.012
2007,Indiana Pacers,Indiana Pacers,12,0.063
2007,Indiana Pacers,Indiana Pacers,13,0.001
2007,Indiana Pacers,Indiana Pacers,14,0.0
2007,Philadelphia 76ers,Philadelphia 76ers,1,0.007
2007,Philadelphia 76ers,Philadelphia 76ers,2,0.008
2007,Philadelphia 76ers,Philadelphia 76ers,3,0.01
2007,Philadelphia 76ers,Philadelphia 76ers,13,0.039
2007,Philadelphia 76ers,Philadelphia 76ers,14,0.0
2007,New Orleans Hornets,New Orleans Hornets,1,0.006
2007,New Orleans Hornets,New Orleans Hornets,2,0.007
2007,New Orleans Hornets,New Orleans Hornets,3,0.009
2007,New Orleans Hornets,New Orleans Hornets,14,0.018
2007,Los Angeles Clippers,Los Angeles Clippers,1,0.005
2007,Los Angeles Clippers,Los Angeles Clippers,2,0.006
2007,Los Angeles Clippers,Los Angeles Clippers,3,0.007
2008,Miami Heat,Miami Heat,1,0.25
2008,Miami Heat,Miami Heat,3,0.177
2008,Miami Heat,Miami Heat,4,0.358
2008,Seattle SuperSonics,Seattle SuperSonics,1,0.199
2008,Seattle SuperSonics,Seattle SuperSonics,2,0.188
2008,Seattle SuperSonics,Seattle SuperSonics,3,0.171
2008,Seattle SuperSonics,Seattle SuperSonics,5,0.124
2008,Minnesota Timberwolves,Minnesota Timberwolves,1,0.138
2008,Minnesota Timberwolves,Minnesota Timberwolves,2,0.142
2008,Minnesota Timberwolves,Minnesota Timberwolves,4,0.238
2008,Minnesota Timberwolves,Minnesota Timberwolves,5,0.29
2008,Minnesota Timberwolves,Minnesota Timberwolves,6,0.045
2008,Memphis Grizzlies,Memphis Grizzlies,1,0.137
2008,Memphis Grizzlies,Memphis Grizzlies,2,0.142
2008,Memphis Grizzlies,Memphis Grizzlies,3,0.145
2008,Memphis Grizzlies,Memphis Grizzlies,4,0.085
2008,Memphis Grizzlies,Memphis Grizzlies,6,0.156
2008,Memphis Grizzlies,Memphis Grizzlies,7,0.013
2008,New York Knicks,New York Knicks,1,0.076
2008,New York Knicks,New York Knicks,2,0.084
2008,New York Knicks,New York Knicks,3,0.095
2008,New York Knicks,New York Knicks,5,0.262
2008,New York Knicks,New York Knicks,7,0.093
2008,New York Knicks,New York Knicks,8,0.004
2008,Los Angeles Clippers,Los Angeles Clippers,1,0.075
2008,Los Angeles Clippers,Los Angeles Clippers,2,0.083
2008,Los Angeles Clippers,Los Angeles Clippers,3,0.094
2008,Los Angeles Clippers,Los Angeles Clippers,6,0.414
2008,Los Angeles Clippers,Los Angeles Clippers,8,0.039
2008,Los Angeles Clippers,Los Angeles Clippers,9,0.001
2008,Milwaukee Bucks,Milwaukee Bucks,1,0.043
2008,Milwaukee Bucks,Milwaukee Bucks,2,0.049
2008,Milwaukee Bucks,Milwaukee Bucks,3,0.058
2008,Milwaukee Bucks,Milwaukee Bucks,7,0.6
2008,Milwaukee Bucks,Milwaukee Bucks,9,0.018
2008,Milwaukee Bucks,Milwaukee Bucks,10,0.0
2008,Charlotte Bobcats,Charlotte Bobcats,1,0.028
2008,Charlotte Bobcats,Charlotte Bobcats,2,0.033
2008,Charlotte Bobcats,Charlotte Bobcats,3,0.039
2008,Charlotte Bobcats,Charlotte Bobcats,8,0.725
2008,Charlotte Bobcats,Charlotte Bobcats,10,0.006
2008,Charlotte Bobcats,Charlotte Bobcats,11,0.0
2008,Chicago Bulls,Chicago Bulls,2,0.02
2008,Chicago Bulls,Chicago Bulls,3,0.024
2008,Chicago Bulls,Chicago Bulls,9,0.813
2008,Chicago Bulls,Chicago Bulls,10,0.122
2008,Chicago Bulls,Chicago Bulls,11,0.004
2008,Chicago Bulls,Chicago Bulls,12,0.0
2008,New Jersey Nets,New Jersey Nets,1,0.011
2008,New Jersey Nets,New Jersey Nets,2,0.013
2008,New Jersey Nets,New Jersey Nets,3,0.016
2008,New Jersey Nets,New Jersey Nets,11,0.089
2008,New Jersey Nets,New Jersey Nets,12,0.002
2008,New Jersey Nets,New Jersey Nets,13,0.0
2008,Indiana Pacers,Indiana Pacers,1,0.008
2008,Indiana Pacers,Indiana Pacers,2,0.009
2008,Indiana Pacers,Indiana Pacers,3,0.012
2008,Indiana Pacers,Indiana Pacers,12,0.063
2008,Indiana Pacers,Indiana Pacers,13,0.001
2008,Indiana Pacers,Indiana Pacers,14,0.0
2008,Sacramento Kings,Sacramento Kings,1,0.007
2008,Sacramento Kings,Sacramento Kings,2,0.008
2008,Sacramento Kings,Sacramento Kings,3,0.01
2008,Sacramento Kings,Sacramento Kings,13,0.039
2008,Sacramento Kings,Sacramento Kings,14,0.0
2008,Portland Trail Blazers,Portland Trail Blazers,1,0.006
2008,Portland Trail Blazers,Portland Trail Blazers,2,0.007
2008,Portland Trail Blazers,Portland Trail Blazers,3,0.009
2008,Portland Trail Blazers,Portland Trail Blazers,14,0.018
2008,Golden State Warriors,Golden State Warriors,1,0.005
2008,Golden State Warriors,Golden State Warriors,2,0.006
2008,Golden State Warriors,Golden State Warriors,3,0.007
2009,Sacramento Kings,Sacramento Kings,1,0.25
2009,Sacramento Kings,Sacramento Kings,2,0.215
2009,Sacramento Kings,Sacramento Kings,3,0.177
2009,Washington Wizards,Washington Wizards,1,0.178
2009,Washington Wizards,Washington Wizards,2,0.174
2009,Washington Wizards,Washington Wizards,3,0.164
2009,Washington Wizards,Washington Wizards,4,0.347
2009,Los Angeles Clippers,Los Angeles Clippers,2,0.173
2009,Los Angeles Clippers,Los Angeles Clippers,3,0.164
2009,Los Angeles Clippers,Los Angeles Clippers,4,0.195
2009,Los Angeles Clippers,Los Angeles Clippers,5,0.25
2009,Los Angeles Clippers,Los Angeles Clippers,6,0.04
2009,Oklahoma City Thunder,Oklahoma City Thunder,1,0.119
2009,Oklahoma City Thunder,Oklahoma City Thunder,2,0.126
2009,Oklahoma City Thunder,Oklahoma City Thunder,4,0.1
2009,Oklahoma City Thunder,Oklahoma City Thunder,5,0.35
2009,Oklahoma City Thunder,Oklahoma City Thunder,6,0.161
2009,Oklahoma City Thunder,Oklahoma City Thunder,7,0.013
2009,Minnesota Timberwolves,Minnesota Timberwolves,1,0.076
2009,Minnesota Timberwolves,Minnesota Timberwolves,2,0.084
2009,Minnesota Timberwolves,Minnesota Timberwolves,3,0.095
2009,Minnesota Timberwolves,Minnesota Timberwolves,5,0.263
2009,Minnesota Timberwolves,Minnesota Timberwolves,7,0.093
2009,Minnesota Timberwolves,Minnesota Timberwolves,8,0.004
2009,Memphis Grizzlies,Memphis Grizzlies,1,0.075
2009,Memphis Grizzlies,Memphis Grizzlies,3,0.094
2009,Memphis Grizzlies,Memphis Grizzlies,6,0.414
2009,Memphis Grizzlies,Memphis Grizzlies,7,0.294
2009,Memphis Grizzlies,Memphis Grizzlies,8,0.039
2009,Memphis Grizzlies,Memphis Grizzlies,9,0.001
2009,Golden State Warriors,Golden State Warriors,1,0.043
2009,Golden State Warriors,Golden State Warriors,2,0.049
2009,Golden State Warriors,Golden State Warriors,3,0.058
2009,Golden State Warriors,Golden State Warriors,8,0.232
2009,Golden State Warriors,Golden State Warriors,9,0.018
2009,Golden State Warriors,Golden State Warriors,10,0.0
2009,New York Knicks,New York Knicks,1,0.028
2009,New York Knicks,New York Knicks,2,0.033
2009,New York Knicks,New York Knicks,3,0.039
2009,New York Knicks,New York Knicks,9,0.168
2009,New York Knicks,New York Knicks,10,0.008
2009,New York Knicks,New York Knicks,11,0.0
2009,Toronto Raptors,Toronto Raptors,1,0.017
2009,Toronto Raptors,Toronto Raptors,2,0.02
2009,Toronto Raptors,Toronto Raptors,3,0.024
2009,Toronto Raptors,Toronto Raptors,10,0.122
2009,Toronto Raptors,Toronto Raptors,11,0.004
2009,Toronto Raptors,Toronto Raptors,12,0.0
2009,Milwaukee Bucks,Milwaukee Bucks,1,0.01
2009,Milwaukee Bucks,Milwaukee Bucks,2,0.012
2009,Milwaukee Bucks,Milwaukee Bucks,3,0.014
2009,Milwaukee Bucks,Milwaukee Bucks,11,0.092
2009,Milwaukee Bucks,Milwaukee Bucks,12,0.002
2009,Milwaukee Bucks,Milwaukee Bucks,13,0.0
2009,New Jersey Nets,New Jersey Nets,1,0.009
2009,New Jersey Nets,New Jersey Nets,2,0.011
2009,New Jersey Nets,New Jersey Nets,3,0.013
2009,New Jersey Nets,New Jersey Nets,12,0.063
2009,New Jersey Nets,New Jersey Nets,13,0.001
2009,New Jersey Nets,New Jersey Nets,14,0.0
2009,Charlotte Bobcats,Charlotte Bobcats,1,0.007
2009,Charlotte Bobcats,Charlotte Bobcats,2,0.008
2009,Charlotte Bobcats,Charlotte Bobcats,3,0.01
2009,Charlotte Bobcats,Charlotte Bobcats,13,0.039
2009,Charlotte Bobcats,Charlotte Bobcats,14,0.0
2009,Indiana Pacers,Indiana Pacers,1,0.006
2009,Indiana Pacers,Indiana Pacers,2,0.007
2009,Indiana Pacers,Indiana Pacers,3,0.009
2009,Indiana Pacers,Indiana Pacers,14,0.018
2009,Phoenix Suns,Phoenix Suns,1,0.005
2009,Phoenix Suns,Phoenix Suns,2,0.006
2009,Phoenix Suns,Phoenix Suns,3,0.007
2010,New Jersey Nets,New Jersey Nets,1,0.25
2010,New Jersey Nets,New Jersey Nets,2,0.215
2010,New Jersey Nets,New Jersey Nets,4,0.358
2010,Minnesota Timberwolves,Minnesota Timberwolves,1,0.199
2010,Minnesota Timberwolves,Minnesota Timberwolves,2,0.188
2010,Minnesota Timberwolves,Minnesota Timberwolves,3,0.171
2010,Minnesota Timberwolves,Minnesota Timberwolves,5,0.124
2010,Sacramento Kings,Sacramento Kings,1,0.156
2010,Sacramento Kings,Sacramento Kings,2,0.157
2010,Sacramento Kings,Sacramento Kings,3,0.155
2010,Sacramento Kings,Sacramento Kings,4,0.225
2010,Sacramento Kings,Sacramento Kings,6,0.041
2010,Golden State Warriors,Golden State Warriors,1,0.104
2010,Golden State Warriors,Golden State Warriors,2,0.112
2010,Golden State Warriors,Golden State Warriors,3,0.121
2010,Golden State Warriors,Golden State Warriors,4,0.099
2010,Golden State Warriors,Golden State Warriors,5,0.373
2010,Golden State Warriors,Golden State Warriors,7,0.014
2010,Washington Wizards,Washington Wizards,2,0.111
2010,Washington Wizards,Washington Wizards,3,0.12
2010,Washington Wizards,Washington Wizards,5,0.238
2010,Washington Wizards,Washington Wizards,6,0.342
2010,Washington Wizards,Washington Wizards,7,0.082
2010,Washington Wizards,Washington Wizards,8,0.004
2010,Philadelphia 76ers,Philadelphia 76ers,1,0.053
2010,Philadelphia 76ers,Philadelphia 76ers,3,0.07
2010,Philadelphia 76ers,Philadelphia 76ers,6,0.44
2010,Philadelphia 76ers,Philadelphia 76ers,7,0.331
2010,Philadelphia 76ers,Philadelphia 76ers,8,0.045
2010,Philadelphia 76ers,Philadelphia 76ers,9,0.001
2010,Detroit Pistons,Detroit Pistons,1,0.053
2010,Detroit Pistons,Detroit Pistons,2,0.06
2010,Detroit Pistons,Detroit Pistons,3,0.07
2010,Detroit Pistons,Detroit Pistons,8,0.226
2010,Detroit Pistons,Detroit Pistons,9,0.018
2010,Detroit Pistons,Detroit Pistons,10,0.0
2010,Los Angeles Clippers,Los Angeles Clippers,1,0.023
2010,Los Angeles Clippers,Los Angeles Clippers,2,0.027
2010,Los Angeles Clippers,Los Angeles Clippers,3,0.032
2010,Los Angeles Clippers,Los Angeles Clippers,9,0.184
2010,Los Angeles Clippers,Los Angeles Clippers,10,0.009
2010,Los Angeles Clippers,Los Angeles Clippers,11,0.0
2010,New York Knicks,New York Knicks,1,0.022
2010,New York Knicks,New York Knicks,2,0.026
2010,New York Knicks,New York Knicks,3,0.031
2010,New York Knicks,New York Knicks,10,0.121
2010,New York Knicks,New York Knicks,11,0.004
2010,New York Knicks,New York Knicks,12,0.0
2010,Indiana Pacers,Indiana Pacers,1,0.011
2010,Indiana Pacers,Indiana Pacers,2,0.013
2010,Indiana Pacers,Indiana Pacers,3,0.016
2010,Indiana Pacers,Indiana Pacers,11,0.089
2010,Indiana Pacers,Indiana Pacers,12,0.002
2010,Indiana Pacers,Indiana Pacers,13,0.0
2010,New Orleans Hornets,New Orleans Hornets,1,0.008
2010,New Orleans Hornets,New Orleans Hornets,2,0.009
2010,New Orleans Hornets,New Orleans Hornets,3,0.012
2010,New Orleans Hornets,New Orleans Hornets,12,0.063
2010,New Orleans Hornets,New Orleans Hornets,13,0.001
2010,New Orleans Hornets,New Orleans Hornets,14,0.0
2010,Memphis Grizzlies,Memphis Grizzlies,1,0.007
2010,Memphis Grizzlies,Memphis Grizzlies,2,0.008
2010,Memphis Grizzlies,Memphis Grizzlies,3,0.01
2010,Memphis Grizzlies,Memphis Grizzlies,13,0.039
2010,Memphis Grizzlies,Memphis Grizzlies,14,0.0
2010,Toronto Raptors,Toronto Raptors,1,0.006
2010,Toronto Raptors,Toronto Raptors,2,0.007
2010,Toronto Raptors,Toronto Raptors,3,0.009
2010,Toronto Raptors,Toronto Raptors,14,0.018
2010,Houston Rockets,Houston Rockets,1,0.005
2010,Houston Rockets,Houston Rockets,2,0.006
2010,Houston Rockets,Houston Rockets,3,0.007
2011,Minnesota Timberwolves,Minnesota Timberwolves,1,0.25
2011,Minnesota Timberwolves,Minnesota Timberwolves,3,0.178
2011,Minnesota Timberwolves,Minnesota Timberwolves,4,0.357
2011,Cleveland Cavaliers,Cleveland Cavaliers,1,0.199
2011,Cleveland Cavaliers,Cleveland Cavaliers,2,0.188
2011,Cleveland Cavaliers,Cleveland Cavaliers,3,0.171
2011,Cleveland Cavaliers,Cleveland Cavaliers,5,0.123
2011,Toronto Raptors,Toronto Raptors,1,0.156
2011,Toronto Raptors,Toronto Raptors,2,0.157
2011,Toronto Raptors,Toronto Raptors,3,0.156
2011,Toronto Raptors,Toronto Raptors,4,0.226
2011,Toronto Raptors,Toronto Raptors,6,0.04
2011,Washington Wizards,Washington Wizards,1,0.119
2011,Washington Wizards,Washington Wizards,2,0.126
2011,Washington Wizards,Washington Wizards,3,0.133
2011,Washington Wizards,Washington Wizards,4,0.099
2011,Washington Wizards,Washington Wizards,5,0.351
2011,Washington Wizards,Washington Wizards,7,0.013
2011,Sacramento Kings,Sacramento Kings,1,0.076
2011,Sacramento Kings,Sacramento Kings,2,0.084
2011,Sacramento Kings,Sacramento Kings,3,0.095
2011,Sacramento Kings,Sacramento Kings,5,0.261
2011,Sacramento Kings,Sacramento Kings,6,0.386
2011,Sacramento Kings,Sacramento Kings,8,0.004
2011,New Jersey Nets,Brooklyn Nets,1,0.075
2011,New Jersey Nets,Brooklyn Nets,2,0.083
2011,New Jersey Nets,Brooklyn Nets,6,0.413
2011,New Jersey Nets,Brooklyn Nets,7,0.294
2011,New Jersey Nets,Brooklyn Nets,8,0.039
2011,New Jersey Nets,Brooklyn Nets,9,0.001
2011,Detroit Pistons,Detroit Pistons,1,0.043
2011,Detroit Pistons,Detroit Pistons,2,0.049
2011,Detroit Pistons,Detroit Pistons,3,0.058
2011,Detroit Pistons,Detroit Pistons,7,0.599
2011,Detroit Pistons,Detroit Pistons,9,0.018
2011,Detroit Pistons,Detroit Pistons,10,0.0
2011,Los Angeles Clippers,Los Angeles Clippers,2,0.033
2011,Los Angeles Clippers,Los Angeles Clippers,3,0.039
2011,Los Angeles Clippers,Los Angeles Clippers,8,0.725
2011,Los Angeles Clippers,Los Angeles Clippers,9,0.168
2011,Los Angeles Clippers,Los Angeles Clippers,10,0.008
2011,Los Angeles Clippers,Los Angeles Clippers,11,0.0
2011,Charlotte Bobcats,Charlotte Bobcats,1,0.017
2011,Charlotte Bobcats,Charlotte Bobcats,2,0.02
2011,Charlotte Bobcats,Charlotte Bobcats,3,0.024
2011,Charlotte Bobcats,Charlotte Bobcats,10,0.122
2011,Charlotte Bobcats,Charlotte Bobcats,11,0.004
2011,Charlotte Bobcats,Charlotte Bobcats,12,0.0
2011,Milwaukee Bucks,Milwaukee Bucks,1,0.011
2011,Milwaukee Bucks,Milwaukee Bucks,2,0.013
2011,Milwaukee Bucks,Milwaukee Bucks,3,0.016
2011,Milwaukee Bucks,Milwaukee Bucks,11,0.089
2011,Milwaukee Bucks,Milwaukee Bucks,12,0.002
2011,Milwaukee Bucks,Milwaukee Bucks,13,0.0
2011,Golden State Warriors,Golden State Warriors,1,0.008
2011,Golden State Warriors,Golden State Warriors,2,0.009
2011,Golden State Warriors,Golden State Warriors,3,0.012
2011,Golden State Warriors,Golden State Warriors,12,0.063
2011,Golden State Warriors,Golden State Warriors,13,0.001
2011,Golden State Warriors,Golden State Warriors,14,0.0
2011,Utah Jazz,Utah Jazz,1,0.007
2011,Utah Jazz,Utah Jazz,2,0.008
2011,Utah Jazz,Utah Jazz,3,0.01
2011,Utah Jazz,Utah Jazz,13,0.039
2011,Utah Jazz,Utah Jazz,14,0.0
2011,Phoenix Suns,Phoenix Suns,1,0.006
2011,Phoenix Suns,Phoenix Suns,2,0.007
2011,Phoenix Suns,Phoenix Suns,3,0.009
2011,Phoenix Suns,Phoenix Suns,14,0.018
2011,Houston Rockets,Houston Rockets,1,0.005
2011,Houston Rockets,Houston Rockets,2,0.006
2011,Houston Rockets,Houston Rockets,3,0.007
2012,Charlotte Bobcats,Charlotte Bobcats,1,0.25
2012,Charlotte Bobcats,Charlotte Bobcats,3,0.177
2012,Charlotte Bobcats,Charlotte Bobcats,4,0.358
2012,Washington Wizards,Washington Wizards,1,0.199
2012,Washington Wizards,Washington Wizards,2,0.188
2012,Washington Wizards,Washington Wizards,4,0.319
2012,Washington Wizards,Washington Wizards,5,0.124
2012,Cleveland Cavaliers,Cleveland Cavaliers,1,0.138
2012,Cleveland Cavaliers,Cleveland Cavaliers,2,0.143
2012,Cleveland Cavaliers,Cleveland Cavaliers,3,0.145
2012,Cleveland Cavaliers,Cleveland Cavaliers,5,0.29
2012,Cleveland Cavaliers,Cleveland Cavaliers,6,0.046
2012,New Orleans Hornets,New Orleans Hornets,2,0.141
2012,New Orleans Hornets,New Orleans Hornets,3,0.145
2012,New Orleans Hornets,New Orleans Hornets,4,0.085
2012,New Orleans Hornets,New Orleans Hornets,5,0.323
2012,New Orleans Hornets,New Orleans Hornets,6,0.156
2012,New Orleans Hornets,New Orleans Hornets,7,0.013
2012,Sacramento Kings,Sacramento Kings,1,0.076
2012,Sacramento Kings,Sacramento Kings,2,0.084
2012,Sacramento Kings,Sacramento Kings,3,0.095
2012,Sacramento Kings,Sacramento Kings,6,0.385
2012,Sacramento Kings,Sacramento Kings,7,0.094
2012,Sacramento Kings,Sacramento Kings,8,0.004
2012,Brooklyn Nets,Brooklyn Nets,1,0.075
2012,Brooklyn Nets,Brooklyn Nets,2,0.083
2012,Brooklyn Nets,Brooklyn Nets,3,0.094
2012,Brooklyn Nets,Brooklyn Nets,7,0.294
2012,Brooklyn Nets,Brooklyn Nets,8,0.039
2012,Brooklyn Nets,Brooklyn Nets,9,0.001
2012,Golden State Warriors,Golden State Warriors,1,0.036
2012,Golden State Warriors,Golden State Warriors,2,0.042
2012,Golden State Warriors,Golden State Warriors,3,0.049
2012,Golden State Warriors,Golden State Warriors,8,0.253
2012,Golden State Warriors,Golden State Warriors,9,0.021
2012,Golden State Warriors,Golden State Warriors,10,0.0
2012,Toronto Raptors,Toronto Raptors,1,0.035
2012,Toronto Raptors,Toronto Raptors,2,0.04
2012,Toronto Raptors,Toronto Raptors,3,0.048
2012,Toronto Raptors,Toronto Raptors,9,0.165
2012,Toronto Raptors,Toronto Raptors,10,0.008
2012,Toronto Raptors,Toronto Raptors,11,0.0
2012,Detroit Pistons,Detroit Pistons,1,0.017
2012,Detroit Pistons,Detroit Pistons,2,0.02
2012,Detroit Pistons,Detroit Pistons,3,0.024
2012,Detroit Pistons,Detroit Pistons,10,0.122
2012,Detroit Pistons,Detroit Pistons,11,0.004
2012,Detroit Pistons,Detroit Pistons,12,0.0
2012,Minnesota Timberwolves,Minnesota Timberwolves,1,0.011
2012,Minnesota Timberwolves,Minnesota Timberwolves,2,0.013
2012,Minnesota Timberwolves,Minnesota Timberwolves,3,0.016
2012,Minnesota Timberwolves,Minnesota Timberwolves,11,0.089
2012,Minnesota Timberwolves,Minnesota Timberwolves,12,0.002
2012,Minnesota Timberwolves,Minnesota Timberwolves,13,0.0
2012,Portland Trail Blazers,Portland Trail Blazers,1,0.008
2012,Portland Trail Blazers,Portland Trail Blazers,2,0.009
2012,Portland Trail Blazers,Portland Trail Blazers,3,0.012
2012,Portland Trail Blazers,Portland Trail Blazers,12,0.063
2012,Portland Trail Blazers,Portland Trail Blazers,13,0.001
2012,Portland Trail Blazers,Portland Trail Blazers,14,0.0
2012,Milwaukee Bucks,Milwaukee Bucks,1,0.007
2012,Milwaukee Bucks,Milwaukee Bucks,2,0.008
2012,Milwaukee Bucks,Milwaukee Bucks,3,0.01
2012,Milwaukee Bucks,Milwaukee Bucks,13,0.039
2012,Milwaukee Bucks,Milwaukee Bucks,14,0.0
2012,Phoenix Suns,Phoenix Suns,1,0.006
2012,Phoenix Suns,Phoenix Suns,2,0.007
2012,Phoenix Suns,Phoenix Suns,3,0.009
2012,Phoenix Suns,Phoenix Suns,14,0.018
2012,Houston Rockets,Houston Rockets,1,0.005
2012,Houston Rockets,Houston Rockets,2,0.006
2012,Houston Rockets,Houston Rockets,3,0.007
2013,Orlando Magic,Orlando Magic,1,0.25
2013,Orlando Magic,Orlando Magic,3,0.178
2013,Orlando Magic,Orlando Magic,4,0.358
2013,Charlotte Bobcats,Charlotte Bobcats,1,0.199
2013,Charlotte Bobcats,Charlotte Bobcats,2,0.188
2013,Charlotte Bobcats,Charlotte Bobcats,3,0.171
2013,Charlotte Bobcats,Charlotte Bobcats,5,0.123
2013,Cleveland Cavaliers,Cleveland Cavaliers,2,0.157
2013,Cleveland Cavaliers,Cleveland Cavaliers,3,0.156
2013,Cleveland Cavaliers,Cleveland Cavaliers,4,0.226
2013,Cleveland Cavaliers,Cleveland Cavaliers,5,0.265
2013,Cleveland Cavaliers,Cleveland Cavaliers,6,0.04
2013,Phoenix Suns,Phoenix Suns,1,0.119
2013,Phoenix Suns,Phoenix Suns,2,0.126
2013,Phoenix Suns,Phoenix Suns,3,0.133
2013,Phoenix Suns,Phoenix Suns,4,0.099
2013,Phoenix Suns,Phoenix Suns,6,0.161
2013,Phoenix Suns,Phoenix Suns,7,0.013
2013,New Orleans Pelicans,New Orleans Pelicans,1,0.088
2013,New Orleans Pelicans,New Orleans Pelicans,2,0.097
2013,New Orleans Pelicans,New Orleans Pelicans,3,0.107
2013,New Orleans Pelicans,New Orleans Pelicans,5,0.262
2013,New Orleans Pelicans,New Orleans Pelicans,7,0.161
2013,New Orleans Pelicans,New Orleans Pelicans,8,0.012
2013,Sacramento Kings,Sacramento Kings,1,0.063
2013,Sacramento Kings,Sacramento Kings,2,0.071
2013,Sacramento Kings,Sacramento Kings,3,0.081
2013,Sacramento Kings,Sacramento Kings,6,0.44
2013,Sacramento Kings,Sacramento Kings,8,0.04
2013,Sacramento Kings,Sacramento Kings,9,0.001
2013,Detroit Pistons,Detroit Pistons,1,0.036
2013,Detroit Pistons,Detroit Pistons,2,0.042
2013,Detroit Pistons,Detroit Pistons,3,0.049
2013,Detroit Pistons,Detroit Pistons,7,0.599
2013,Detroit Pistons,Detroit Pistons,9,0.021
2013,Detroit Pistons,Detroit Pistons,10,0.0
2013,Washington Wizards,Washington Wizards,1,0.035
2013,Washington Wizards,Washington Wizards,2,0.041
2013,Washington Wizards,Washington Wizards,8,0.703
2013,Washington Wizards,Washington Wizards,9,0.165
2013,Washington Wizards,Washington Wizards,10,0.008
2013,Washington Wizards,Washington Wizards,11,0.0
2013,Minnesota Timberwolves,Minnesota Timberwolves,1,0.017
2013,Minnesota Timberwolves,Minnesota Timberwolves,2,0.02
2013,Minnesota Timberwolves,Minnesota Timberwolves,3,0.024
2013,Minnesota Timberwolves,Minnesota Timberwolves,10,0.122
2013,Minnesota Timberwolves,Minnesota Timberwolves,11,0.004
2013,Minnesota Timberwolves,Minnesota Timberwolves,12,0.0
2013,Portland Trail Blazers,Portland Trail Blazers,1,0.011
2013,Portland Trail Blazers,Portland Trail Blazers,2,0.013
2013,Portland Trail Blazers,Portland Trail Blazers,3,0.016
2013,Portland Trail Blazers,Portland Trail Blazers,11,0.089
2013,Portland Trail Blazers,Portland Trail Blazers,12,0.002
2013,Portland Trail Blazers,Portland Trail Blazers,13,0.0
2013,Philadelphia 76ers,Philadelphia 76ers,1,0.008
2013,Philadelphia 76ers,Philadelphia 76ers,2,0.01
2013,Philadelphia 76ers,Philadelphia 76ers,3,0.012
2013,Philadelphia 76ers,Philadelphia 76ers,12,0.063
2013,Philadelphia 76ers,Philadelphia 76ers,13,0.001
2013,Philadelphia 76ers,Philadelphia 76ers,14,0.0
2013,Toronto Raptors,Toronto Raptors,1,0.007
2013,Toronto Raptors,Toronto Raptors,2,0.008
2013,Toronto Raptors,Toronto Raptors,3,0.01
2013,Toronto Raptors,Toronto Raptors,13,0.039
2013,Toronto Raptors,Toronto Raptors,14,0.0
2013,Dallas Mavericks,Dallas Mavericks,1,0.006
2013,Dallas Mavericks,Dallas Mavericks,2,0.007
2013,Dallas Mavericks,Dallas Mavericks,3,0.009
2013,Dallas Mavericks,Dallas Mavericks,14,0.018
2013,Utah Jazz,Utah Jazz,1,0.005
2013,Utah Jazz,Utah Jazz,2,0.006
2013,Utah Jazz,Utah Jazz,3,0.007
2014,Milwaukee Bucks,Milwaukee Bucks,1,0.25
2014,Milwaukee Bucks,Milwaukee Bucks,3,0.177
2014,Milwaukee Bucks,Milwaukee Bucks,4,0.358
2014,Philadelphia 76ers,Philadelphia 76ers,1,0.199
2014,Philadelphia 76ers,Philadelphia 76ers,2,0.188
2014,Philadelphia 76ers,Philadelphia 76ers,4,0.319
2014,Philadelphia 76ers,Philadelphia 76ers,5,0.124
2014,Orlando Magic,Orlando Magic,1,0.156
2014,Orlando Magic,Orlando Magic,2,0.157
2014,Orlando Magic,Orlando Magic,3,0.156
2014,Orlando Magic,Orlando Magic,5,0.265
2014,Orlando Magic,Orlando Magic,6,0.041
2014,Utah Jazz,Utah Jazz,1,0.104
2014,Utah Jazz,Utah Jazz,2,0.112
2014,Utah Jazz,Utah Jazz,3,0.121
2014,Utah Jazz,Utah Jazz,4,0.099
2014,Utah Jazz,Utah Jazz,6,0.177
2014,Utah Jazz,Utah Jazz,7,0.014
2014,Boston Celtics,Boston Celtics,1,0.103
2014,Boston Celtics,Boston Celtics,2,0.111
2014,Boston Celtics,Boston Celtics,3,0.12
2014,Boston Celtics,Boston Celtics,5,0.238
2014,Boston Celtics,Boston Celtics,7,0.082
2014,Boston Celtics,Boston Celtics,8,0.004
2014,Los Angeles Lakers,Los Angeles Lakers,1,0.063
2014,Los Angeles Lakers,Los Angeles Lakers,2,0.071
2014,Los Angeles Lakers,Los Angeles Lakers,3,0.081
2014,Los Angeles Lakers,Los Angeles Lakers,6,0.44
2014,Los Angeles Lakers,Los Angeles Lakers,8,0.04
2014,Los Angeles Lakers,Los Angeles Lakers,9,0.001
2014,Sacramento Kings,Sacramento Kings,1,0.043
2014,Sacramento Kings,Sacramento Kings,2,0.049
2014,Sacramento Kings,Sacramento Kings,3,0.058
2014,Sacramento Kings,Sacramento Kings,7,0.6
2014,Sacramento Kings,Sacramento Kings,9,0.018
2014,Sacramento Kings,Sacramento Kings,10,0.0
2014,Detroit Pistons,Detroit Pistons,1,0.028
2014,Detroit Pistons,Detroit Pistons,2,0.033
2014,Detroit Pistons,Detroit Pistons,3,0.039
2014,Detroit Pistons,Detroit Pistons,8,0.725
2014,Detroit Pistons,Detroit Pistons,10,0.008
2014,Detroit Pistons,Detroit Pistons,11,0.0
2014,Cleveland Cavaliers,Cleveland Cavaliers,2,0.02
2014,Cleveland Cavaliers,Cleveland Cavaliers,3,0.024
2014,Cleveland Cavaliers,Cleveland Cavaliers,9,0.813
2014,Cleveland Cavaliers,Cleveland Cavaliers,10,0.122
2014,Cleveland Cavaliers,Cleveland Cavaliers,11,0.004
2014,Cleveland Cavaliers,Cleveland Cavaliers,12,0.0
2014,New Orleans Pelicans,New Orleans Pelicans,1,0.011
2014,New Orleans Pelicans,New Orleans Pelicans,2,0.013
2014,New Orleans Pelicans,New Orleans Pelicans,3,0.016
2014,New Orleans Pelicans,New Orleans Pelicans,11,0.089
2014,New Orleans Pelicans,New Orleans Pelicans,12,0.002
2014,New Orleans Pelicans,New Orleans Pelicans,13,0.0
2014,Denver Nuggets,Denver Nuggets,1,0.008
2014,Denver Nuggets,Denver Nuggets,2,0.009
2014,Denver Nuggets,Denver Nuggets,3,0.012
2014,Denver Nuggets,Denver Nuggets,12,0.063
2014,Denver Nuggets,Denver Nuggets,13,0.001
2014,Denver Nuggets,Denver Nuggets,14,0.0
2014,New York Knicks,New York Knicks,1,0.007
2014,New York Knicks,New York Knicks,2,0.008
2014,New York Knicks,New York Knicks,3,0.01
2014,New York Knicks,New York Knicks,13,0.039
2014,New York Knicks,New York Knicks,14,0.0
2014,Minnesota Timberwolves,Minnesota Timberwolves,1,0.006
2014,Minnesota Timberwolves,Minnesota Timberwolves,2,0.007
2014,Minnesota Timberwolves,Minnesota Timberwolves,3,0.009
2014,Minnesota Timberwolves,Minnesota Timberwolves,14,0.018
2014,Phoenix Suns,Phoenix Suns,1,0.005
2014,Phoenix Suns,Phoenix Suns,2,0.006
2014,Phoenix Suns,Phoenix Suns,3,0.007
2015,Minnesota Timberwolves,Minnesota Timberwolves,2,0.215
2015,Minnesota Timberwolves,Minnesota Timberwolves,3,0.178
2015,Minnesota Timberwolves,Minnesota Timberwolves,4,0.357
2015,New York Knicks,New York Knicks,1,0.199
2015,New York Knicks,New York Knicks,2,0.188
2015,New York Knicks,New York Knicks,3,0.171
2015,New York Knicks,New York Knicks,5,0.123
2015,Philadelphia 76ers,Philadelphia 76ers,1,0.156
2015,Philadelphia 76ers,Philadelphia 76ers,2,0.157
2015,Philadelphia 76ers,Philadelphia 76ers,4,0.226
2015,Philadelphia 76ers,Philadelphia 76ers,5,0.265
2015,Philadelphia 76ers,Philadelphia 76ers,6,0.04
2015,Los Angeles Lakers,Los Angeles Lakers,1,0.119
2015,Los Angeles Lakers,Los Angeles Lakers,3,0.133
2015,Los Angeles Lakers,Los Angeles Lakers,4,0.099
2015,Los Angeles Lakers,Los Angeles Lakers,5,0.351
2015,Los Angeles Lakers,Los Angeles Lakers,6,0.16
2015,Los Angeles Lakers,Los Angeles Lakers,7,0.012
2015,Orlando Magic,Orlando Magic,1,0.088
2015,Orlando Magic,Orlando Magic,2,0.097
2015,Orlando Magic,Orlando Magic,3,0.107
2015,Orlando Magic,Orlando Magic,6,0.36
2015,Orlando Magic,Orlando Magic,7,0.084
2015,Orlando Magic,Orlando Magic,8,0.004
2015,Sacramento Kings,Sacramento Kings,1,0.063
2015,Sacramento Kings,Sacramento Kings,2,0.071
2015,Sacramento Kings,Sacramento Kings,3,0.081
2015,Sacramento Kings,Sacramento Kings,7,0.305
2015,Sacramento Kings,Sacramento Kings,8,0.04
2015,Sacramento Kings,Sacramento Kings,9,0.001
2015,Denver Nuggets,Denver Nuggets,1,0.043
2015,Denver Nuggets,Denver Nuggets,2,0.049
2015,Denver Nuggets,Denver Nuggets,3,0.058
2015,Denver Nuggets,Denver Nuggets,8,0.232
2015,Denver Nuggets,Denver Nuggets,9,0.018
2015,Denver Nuggets,Denver Nuggets,10,0.0
2015,Detroit Pistons,Detroit Pistons,1,0.028
2015,Detroit Pistons,Detroit Pistons,2,0.033
2015,Detroit Pistons,Detroit Pistons,3,0.039
2015,Detroit Pistons,Detroit Pistons,9,0.168
2015,Detroit Pistons,Detroit Pistons,10,0.008
2015,Detroit Pistons,Detroit Pistons,11,0.0
2015,Charlotte Hornets,Charlotte Hornets,1,0.017
2015,Charlotte Hornets,Charlotte Hornets,2,0.02
2015,Charlotte Hornets,Charlotte Hornets,3,0.024
2015,Charlotte Hornets,Charlotte Hornets,10,0.122
2015,Charlotte Hornets,Charlotte Hornets,11,0.004
2015,Charlotte Hornets,Charlotte Hornets,12,0.0
2015,Miami Heat,Miami Heat,1,0.011
2015,Miami Heat,Miami Heat,2,0.013
2015,Miami Heat,Miami Heat,3,0.016
2015,Miami Heat,Miami Heat,11,0.089
2015,Miami Heat,Miami Heat,12,0.002
2015,Miami Heat,Miami Heat,13,0.0
2015,Indiana Pacers,Indiana Pacers,1,0.008
2015,Indiana Pacers,Indiana Pacers,2,0.009
2015,Indiana Pacers,Indiana Pacers,3,0.012
2015,Indiana Pacers,Indiana Pacers,12,0.063
2015,Indiana Pacers,Indiana Pacers,13,0.001
2015,Indiana Pacers,Indiana Pacers,14,0.0
2015,Utah Jazz,Utah Jazz,1,0.007
2015,Utah Jazz,Utah Jazz,2,0.008
2015,Utah Jazz,Utah Jazz,3,0.01
2015,Utah Jazz,Utah Jazz,13,0.039
2015,Utah Jazz,Utah Jazz,14,0.0
2015,Phoenix Suns,Phoenix Suns,1,0.006
2015,Phoenix Suns,Phoenix Suns,2,0.007
2015,Phoenix Suns,Phoenix Suns,3,0.009
2015,Phoenix Suns,Phoenix Suns,14,0.018
2015,Oklahoma City Thunder,Oklahoma City Thunder,1,0.005
2015,Oklahoma City Thunder,Oklahoma City Thunder,2,0.006
2015,Oklahoma City Thunder,Oklahoma City Thunder,3,0.007
2016,Philadelphia 76ers,Philadelphia 76ers,2,0.215
2016,Philadelphia 76ers,Philadelphia 76ers,3,0.178
2016,Philadelphia 76ers,Philadelphia 76ers,4,0.357
2016,Los Angeles Lakers,Los Angeles Lakers,1,0.199
2016,Los Angeles Lakers,Los Angeles Lakers,3,0.171
2016,Los Angeles Lakers,Los Angeles Lakers,4,0.319
2016,Los Angeles Lakers,Los Angeles Lakers,5,0.123
2016,Brooklyn Nets,Brooklyn Nets,1,0.156
2016,Brooklyn Nets,Brooklyn Nets,2,0.157
2016,Brooklyn Nets,Brooklyn Nets,4,0.226
2016,Brooklyn Nets,Brooklyn Nets,5,0.265
2016,Brooklyn Nets,Brooklyn Nets,6,0.04
2016,Phoenix Suns,Phoenix Suns,1,0.119
2016,Phoenix Suns,Phoenix Suns,2,0.126
2016,Phoenix Suns,Phoenix Suns,3,0.133
2016,Phoenix Suns,Phoenix Suns,5,0.35
2016,Phoenix Suns,Phoenix Suns,6,0.161
2016,Phoenix Suns,Phoenix Suns,7,0.013
2016,Minnesota Timberwolves,Minnesota Timberwolves,1,0.088
2016,Minnesota Timberwolves,Minnesota Timberwolves,2,0.097
2016,Minnesota Timberwolves,Minnesota Timberwolves,3,0.107
2016,Minnesota Timberwolves,Minnesota Timberwolves,6,0.36
2016,Minnesota Timberwolves,Minnesota Timberwolves,7,0.084
2016,Minnesota Timberwolves,Minnesota Timberwolves,8,0.004
2016,New Orleans Pelicans,New Orleans Pelicans,1,0.063
2016,New Orleans Pelicans,New Orleans Pelicans,2,0.071
2016,New Orleans Pelicans,New Orleans Pelicans,3,0.081
2016,New Orleans Pelicans,New Orleans Pelicans,7,0.304
2016,New Orleans Pelicans,New Orleans Pelicans,8,0.04
2016,New Orleans Pelicans,New Orleans Pelicans,9,0.001
2016,New York Knicks,New York Knicks,1,0.043
2016,New York Knicks,New York Knicks,2,0.049
2016,New York Knicks,New York Knicks,3,0.058
2016,New York Knicks,New York Knicks,8,0.232
2016,New York Knicks,New York Knicks,9,0.018
2016,New York Knicks,New York Knicks,10,0.0
2016,Sacramento Kings,Sacramento Kings,1,0.019
2016,Sacramento Kings,Sacramento Kings,2,0.022
2016,Sacramento Kings,Sacramento Kings,3,0.027
2016,Sacramento Kings,Sacramento Kings,9,0.197
2016,Sacramento Kings,Sacramento Kings,10,0.011
2016,Sacramento Kings,Sacramento Kings,11,0.0
2016,Denver Nuggets,Denver Nuggets,1,0.019
2016,Denver Nuggets,Denver Nuggets,2,0.022
2016,Denver Nuggets,Denver Nuggets,3,0.027
2016,Denver Nuggets,Denver Nuggets,10,0.143
2016,Denver Nuggets,Denver Nuggets,11,0.005
2016,Denver Nuggets,Denver Nuggets,12,0.0
2016,Milwaukee Bucks,Milwaukee Bucks,1,0.018
2016,Milwaukee Bucks,Milwaukee Bucks,2,0.021
2016,Milwaukee Bucks,Milwaukee Bucks,3,0.025
2016,Milwaukee Bucks,Milwaukee Bucks,11,0.087
2016,Milwaukee Bucks,Milwaukee Bucks,12,0.002
2016,Milwaukee Bucks,Milwaukee Bucks,13,0.0
2016,Orlando Magic,Orlando Magic,1,0.008
2016,Orlando Magic,Orlando Magic,2,0.009
2016,Orlando Magic,Orlando Magic,3,0.012
2016,Orlando Magic,Orlando Magic,12,0.063
2016,Orlando Magic,Orlando Magic,13,0.001
2016,Orlando Magic,Orlando Magic,14,0.0
2016,Utah Jazz,Utah Jazz,1,0.007
2016,Utah Jazz,Utah Jazz,2,0.008
2016,Utah Jazz,Utah Jazz,3,0.01
2016,Utah Jazz,Utah Jazz,13,0.039
2016,Utah Jazz,Utah Jazz,14,0.0
2016,Washington Wizards,Washington Wizards,1,0.006
2016,Washington Wizards,Washington Wizards,2,0.007
2016,Washington Wizards,Washington Wizards,3,0.009
2016,Washington Wizards,Washington Wizards,14,0.018
2016,Chicago Bulls,Chicago Bulls,1,0.005
2016,Chicago Bulls,Chicago Bulls,2,0.006
2016,Chicago Bulls,Chicago Bulls,3,0.007
2017,Boston Celtics,Boston Celtics,1,0.25
2017,Boston Celtics,Boston Celtics,2,0.215
2017,Boston Celtics,Boston Celtics,3,0.178
2017,Boston Celtics,Boston Celtics,4,0.357
2017,Phoenix Suns,Phoenix Suns,1,0.199
2017,Phoenix Suns,Phoenix Suns,2,0.188
2017,Phoenix Suns,Phoenix Suns,3,0.171
2017,Phoenix Suns,Phoenix Suns,4,0.319
2017,Phoenix Suns,Phoenix Suns,5,0.123
2017,Los Angeles Lakers,Los Angeles Lakers,1,0.156
2017,Los Angeles Lakers,Los Angeles Lakers,2,0.157
2017,Los Angeles Lakers,Los Angeles Lakers,3,0.156
2017,Los Angeles Lakers,Los Angeles Lakers,4,0.226
2017,Los Angeles Lakers,Los Angeles Lakers,5,0.265
2017,Los Angeles Lakers,Los Angeles Lakers,6,0.04
2017,Philadelphia 76ers,Philadelphia 76ers,1,0.119
2017,Philadelphia 76ers,Philadelphia 76ers,2,0.126
2017,Philadelphia 76ers,Philadelphia 76ers,3,0.133
2017,Philadelphia 76ers,Philadelphia 76ers,4,0.099
2017,Philadelphia 76ers,Philadelphia 76ers,5,0.35
2017,Philadelphia 76ers,Philadelphia 76ers,6,0.161
2017,Philadelphia 76ers,Philadelphia 76ers,7,0.013
2017,Orlando Magic,Orlando Magic,1,0.088
2017,Orlando Magic,Orlando Magic,2,0.097
2017,Orlando Magic,Orlando Magic,3,0.107
2017,Orlando Magic,Orlando Magic,5,0.261
2017,Orlando Magic,Orlando Magic,6,0.359
2017,Orlando Magic,Orlando Magic,7,0.084
2017,Orlando Magic,Orlando Magic,8,0.004
2017,Minnesota Timberwolves,Minnesota Timberwolves,1,0.053
2017,Minnesota Timberwolves,Minnesota Timberwolves,2,0.06
2017,Minnesota Timberwolves,Minnesota Timberwolves,3,0.07
2017,Minnesota Timberwolves,Minnesota Timberwolves,6,0.439
2017,Minnesota Timberwolves,Minnesota Timberwolves,7,0.331
2017,Minnesota Timberwolves,Minnesota Timberwolves,8,0.045
2017,Minnesota Timberwolves,Minnesota Timberwolves,9,0.001
2017,New York Knicks,New York Knicks,1,0.053
2017,New York Knicks,New York Knicks,2,0.06
2017,New York Knicks,New York Knicks,3,0.07
2017,New York Knicks,New York Knicks,7,0.572
2017,New York Knicks,New York Knicks,8,0.226
2017,New York Knicks,New York Knicks,9,0.018
2017,New York Knicks,New York Knicks,10,0.0
2017,Sacramento Kings,Sacramento Kings,1,0.028
2017,Sacramento Kings,Sacramento Kings,2,0.033
2017,Sacramento Kings,Sacramento Kings,3,0.039
2017,Sacramento Kings,Sacramento Kings,8,0.725
2017,Sacramento Kings,Sacramento Kings,9,0.168
2017,Sacramento Kings,Sacramento Kings,10,0.008
2017,Sacramento Kings,Sacramento Kings,11,0.0
2017,Dallas Mavericks,Dallas Mavericks,1,0.017
2017,Dallas Mavericks,Dallas Mavericks,2,0.02
2017,Dallas Mavericks,Dallas Mavericks,3,0.024
2017,Dallas Mavericks,Dallas Mavericks,9,0.813
2017,Dallas Mavericks,Dallas Mavericks,10,0.122
2017,Dallas Mavericks,Dallas Mavericks,11,0.004
2017,Dallas Mavericks,Dallas Mavericks,12,0.0
2017,New Orleans Pelicans,New Orleans Pelicans,1,0.011
2017,New Orleans Pelicans,New Orleans Pelicans,2,0.013
2017,New Orleans Pelicans,New Orleans Pelicans,3,0.016
2017,New Orleans Pelicans,New Orleans Pelicans,10,0.87
2017,New Orleans Pelicans,New Orleans Pelicans,11,0.089
2017,New Orleans Pelicans,New Orleans Pelicans,12,0.002
2017,New Orleans Pelicans,New Orleans Pelicans,13,0.0
2017,Charlotte Hornets,Charlotte Hornets,1,0.008
2017,Charlotte Hornets,Charlotte Hornets,2,0.009
2017,Charlotte Hornets,Charlotte Hornets,3,0.012
2017,Charlotte Hornets,Charlotte Hornets,11,0.907
2017,Charlotte Hornets,Charlotte Hornets,12,0.063
2017,Charlotte Hornets,Charlotte Hornets,13,0.001
2017,Charlotte Hornets,Charlotte Hornets,14,0.0
2017,Detroit Pistons,Detroit Pistons,1,0.007
2017,Detroit Pistons,Detroit Pistons,2,0.008
2017,Detroit Pistons,Detroit Pistons,3,0.01
2017,Detroit Pistons,Detroit Pistons,12,0.935
2017,Detroit Pistons,Detroit Pistons,13,0.039
2017,Detroit Pistons,Detroit Pistons,14,0.0
2017,Denver Nuggets,Denver Nuggets,1,0.006
2017,Denver Nuggets,Denver Nuggets,2,0.007
2017,Denver Nuggets,Denver Nuggets,3,0.009
2017,Denver Nuggets,Denver Nuggets,13,0.96
2017,Denver Nuggets,Denver Nuggets,14,0.018
2017,Miami Heat,Miami Heat,1,0.005
2017,Miami Heat,Miami Heat,2,0.006
2017,Miami Heat,Miami Heat,3,0.007
2017,Miami Heat,Miami Heat,14,0.982
2018,Phoenix Suns,Phoenix Suns,1,0.25
2018,Phoenix Suns,Phoenix Suns,2,0.215
2018,Phoenix Suns,Phoenix Suns,3,0.178
2018,Phoenix Suns,Phoenix Suns,4,0.358
2018,Memphis Grizzlies,Memphis Grizzlies,1,0.199
2018,Memphis Grizzlies,Memphis Grizzlies,2,0.188
2018,Memphis Grizzlies,Memphis Grizzlies,3,0.171
2018,Memphis Grizzlies,Memphis Grizzlies,4,0.319
2018,Memphis Grizzlies,Memphis Grizzlies,5,0.124
2018,Dallas Mavericks,Dallas Mavericks,1,0.138
2018,Dallas Mavericks,Dallas Mavericks,2,0.142
2018,Dallas Mavericks,Dallas Mavericks,3,0.145
2018,Dallas Mavericks,Dallas Mavericks,4,0.238
2018,Dallas Mavericks,Dallas Mavericks,5,0.29
2018,Dallas Mavericks,Dallas Mavericks,6,0.045
2018,Atlanta Hawks,Atlanta Hawks,1,0.137
2018,Atlanta Hawks,Atlanta Hawks,2,0.142
2018,Atlanta Hawks,Atlanta Hawks,3,0.145
2018,Atlanta Hawks,Atlanta Hawks,4,0.085
2018,Atlanta Hawks,Atlanta Hawks,5,0.323
2018,Atlanta Hawks,Atlanta Hawks,6,0.155
2018,Atlanta Hawks,Atlanta Hawks,7,0.013
2018,Orlando Magic,Orlando Magic,1,0.088
2018,Orlando Magic,Orlando Magic,2,0.096
2018,Orlando Magic,Orlando Magic,3,0.106
2018,Orlando Magic,Orlando Magic,5,0.262
2018,Orlando Magic,Orlando Magic,6,0.359
2018,Orlando Magic,Orlando Magic,7,0.084
2018,Orlando Magic,Orlando Magic,8,0.004
2018,Chicago Bulls,Chicago Bulls,1,0.053
2018,Chicago Bulls,Chicago Bulls,2,0.06
2018,Chicago Bulls,Chicago Bulls,3,0.07
2018,Chicago Bulls,Chicago Bulls,6,0.44
2018,Chicago Bulls,Chicago Bulls,7,0.331
2018,Chicago Bulls,Chicago Bulls,8,0.045
2018,Chicago Bulls,Chicago Bulls,9,0.001
2018,Sacramento Kings,Sacramento Kings,1,0.053
2018,Sacramento Kings,Sacramento Kings,2,0.06
2018,Sacramento Kings,Sacramento Kings,3,0.07
2018,Sacramento Kings,Sacramento Kings,7,0.573
2018,Sacramento Kings,Sacramento Kings,8,0.226
2018,Sacramento Kings,Sacramento Kings,9,0.018
2018,Sacramento Kings,Sacramento Kings,10,0.0
2018,Brooklyn Nets,Brooklyn Nets,1,0.028
2018,Brooklyn Nets,Brooklyn Nets,2,0.033
2018,Brooklyn Nets,Brooklyn Nets,3,0.039
2018,Brooklyn Nets,Brooklyn Nets,8,0.725
2018,Brooklyn Nets,Brooklyn Nets,9,0.168
2018,Brooklyn Nets,Brooklyn Nets,10,0.008
2018,Brooklyn Nets,Brooklyn Nets,11,0.0
2018,New York Knicks,New York Knicks,1,0.017
2018,New York Knicks,New York Knicks,2,0.02
2018,New York Knicks,New York Knicks,3,0.024
2018,New York Knicks,New York Knicks,9,0.813
2018,New York Knicks,New York Knicks,10,0.122
2018,New York Knicks,New York Knicks,11,0.004
2018,New York Knicks,New York Knicks,12,0.0
2018,Los Angeles Lakers,Los Angeles Lakers,1,0.011
2018,Los Angeles Lakers,Los Angeles Lakers,2,0.013
2018,Los Angeles Lakers,Los Angeles Lakers,3,0.016
2018,Los Angeles Lakers,Los Angeles Lakers,10,0.87
2018,Los Angeles Lakers,Los Angeles Lakers,11,0.089
2018,Los Angeles Lakers,Los Angeles Lakers,12,0.002
2018,Los Angeles Lakers,Los Angeles Lakers,13,0.0
2018,Charlotte Hornets,Charlotte Hornets,1,0.008
2018,Charlotte Hornets,Charlotte Hornets,2,0.009
2018,Charlotte Hornets,Charlotte Hornets,3,0.012
2018,Charlotte Hornets,Charlotte Hornets,11,0.908
2018,Charlotte Hornets,Charlotte Hornets,12,0.063
2018,Charlotte Hornets,Charlotte Hornets,13,0.001
2018,Charlotte Hornets,Charlotte Hornets,14,0.0
2018,Detroit Pistons,Detroit Pistons,1,0.007
2018,Detroit Pistons,Detroit Pistons,2,0.008
2018,Detroit Pistons,Detroit Pistons,3,0.01
2018,Detroit Pistons,Detroit Pistons,12,0.935
2018,Detroit Pistons,Detroit Pistons,13,0.039
2018,Detroit Pistons,Detroit Pistons,14,0.0
2018,Los Angeles Clippers,Los Angeles Clippers,1,0.006
2018,Los Angeles Clippers,Los Angeles Clippers,2,0.007
2018,Los Angeles Clippers,Los Angeles Clippers,3,0.009
2018,Los Angeles Clippers,Los Angeles Clippers,13,0.96
2018,Los Angeles Clippers,Los Angeles Clippers,14,0.018
2018,Denver Nuggets,Denver Nuggets,1,0.005
2018,Denver Nuggets,Denver Nuggets,2,0.006
2018,Denver Nuggets,Denver Nuggets,3,0.007
2018,Denver Nuggets,Denver Nuggets,14,0.982
2019,New York Knicks,New York Knicks,1,0.14
2019,New York Knicks,New York Knicks,2,0.134
2019,New York Knicks,New York Knicks,3,0.127
2019,New York Knicks,New York Knicks,4,0.119
2019,New York Knicks,New York Knicks,5,0.479
2019,Cleveland Cavaliers,Cleveland Cavaliers,1,0.14
2019,Cleveland Cavaliers,Cleveland Cavaliers,2,0.134
2019,Cleveland Cavaliers,Cleveland Cavaliers,3,0.127
2019,Cleveland Cavaliers,Cleveland Cavaliers,4,0.119
2019,Cleveland Cavaliers,Cleveland Cavaliers,5,0.278
2019,Cleveland Cavaliers,Cleveland Cavaliers,6,0.2
2019,Phoenix Suns,Phoenix Suns,1,0.14
2019,Phoenix Suns,Phoenix Suns,2,0.134
2019,Phoenix Suns,Phoenix Suns,3,0.127
2019,Phoenix Suns,Phoenix Suns,4,0.119
2019,Phoenix Suns,Phoenix Suns,5,0.148
2019,Phoenix Suns,Phoenix Suns,6,0.26
2019,Phoenix Suns,Phoenix Suns,7,0.071
2019,Chicago Bulls,Chicago Bulls,1,0.125
2019,Chicago Bulls,Chicago Bulls,2,0.122
2019,Chicago Bulls,Chicago Bulls,3,0.119
2019,Chicago Bulls,Chicago Bulls,4,0.114
2019,Chicago Bulls,Chicago Bulls,5,0.072
2019,Chicago Bulls,Chicago Bulls,6,0.257
2019,Chicago Bulls,Chicago Bulls,7,0.168
2019,Chicago Bulls,Chicago Bulls,8,0.022
2019,Atlanta Hawks,Atlanta Hawks,1,0.105
2019,Atlanta Hawks,Atlanta Hawks,2,0.105
2019,Atlanta Hawks,Atlanta Hawks,3,0.105
2019,Atlanta Hawks,Atlanta Hawks,4,0.105
2019,Atlanta Hawks,Atlanta Hawks,5,0.022
2019,Atlanta Hawks,Atlanta Hawks,6,0.196
2019,Atlanta Hawks,Atlanta Hawks,7,0.267
2019,Atlanta Hawks,Atlanta Hawks,8,0.088
2019,Atlanta Hawks,Atlanta Hawks,9,0.006
2019,Washington Wizards,Washington Wizards,1,0.09
2019,Washington Wizards,Washington Wizards,2,0.092
2019,Washington Wizards,Washington Wizards,3,0.094
2019,Washington Wizards,Washington Wizards,4,0.096
2019,Washington Wizards,Washington Wizards,6,0.086
2019,Washington Wizards,Washington Wizards,7,0.296
2019,Washington Wizards,Washington Wizards,8,0.206
2019,Washington Wizards,Washington Wizards,9,0.038
2019,Washington Wizards,Washington Wizards,10,0.002
2019,New Orleans Pelicans,New Orleans Pelicans,1,0.06
2019,New Orleans Pelicans,New Orleans Pelicans,2,0.063
2019,New Orleans Pelicans,New Orleans Pelicans,3,0.067
2019,New Orleans Pelicans,New Orleans Pelicans,4,0.072
2019,New Orleans Pelicans,New Orleans Pelicans,7,0.197
2019,New Orleans Pelicans,New Orleans Pelicans,8,0.372
2019,New Orleans Pelicans,New Orleans Pelicans,9,0.151
2019,New Orleans Pelicans,New Orleans Pelicans,10,0.016
2019,New Orleans Pelicans,New Orleans Pelicans,11,0.0
2019,Memphis Grizzlies,Memphis Grizzlies,1,0.06
2019,Memphis Grizzlies,Memphis Grizzlies,2,0.063
2019,Memphis Grizzlies,Memphis Grizzlies,3,0.067
2019,Memphis Grizzlies,Memphis Grizzlies,4,0.072
2019,Memphis Grizzlies,Memphis Grizzlies,8,0.312
2019,Memphis Grizzlies,Memphis Grizzlies,9,0.341
2019,Memphis Grizzlies,Memphis Grizzlies,10,0.08
2019,Memphis Grizzlies,Memphis Grizzlies,11,0.005
2019,Memphis Grizzlies,Memphis Grizzlies,12,0.0
2019,Dallas Mavericks,Dallas Mavericks,1,0.06
2019,Dallas Mavericks,Dallas Mavericks,2,0.063
2019,Dallas Mavericks,Dallas Mavericks,3,0.067
2019,Dallas Mavericks,Dallas Mavericks,4,0.072
2019,Dallas Mavericks,Dallas Mavericks,9,0.464
2019,Dallas Mavericks,Dallas Mavericks,10,0.243
2019,Dallas Mavericks,Dallas Mavericks,11,0.029
2019,Dallas Mavericks,Dallas Mavericks,12,0.001
2019,Dallas Mavericks,Dallas Mavericks,13,0.0
2019,Minnesota Timberwolves,Minnesota Timberwolves,1,0.03
2019,Minnesota Timberwolves,Minnesota Timberwolves,2,0.033
2019,Minnesota Timberwolves,Minnesota Timberwolves,3,0.036
2019,Minnesota Timberwolves,Minnesota Timberwolves,4,0.04
2019,Minnesota Timberwolves,Minnesota Timberwolves,10,0.659
2019,Minnesota Timberwolves,Minnesota Timberwolves,11,0.19
2019,Minnesota Timberwolves,Minnesota Timberwolves,12,0.012
2019,Minnesota Timberwolves,Minnesota Timberwolves,13,0.0
2019,Minnesota Timberwolves,Minnesota Timberwolves,14,0.0
2019,Los Angeles Lakers,Los Angeles Lakers,1,0.02
2019,Los Angeles Lakers,Los Angeles Lakers,2,0.022
2019,Los Angeles Lakers,Los Angeles Lakers,3,0.024
2019,Los Angeles Lakers,Los Angeles Lakers,4,0.028
2019,Los Angeles Lakers,Los Angeles Lakers,11,0.776
2019,Los Angeles Lakers,Los Angeles Lakers,12,0.126
2019,Los Angeles Lakers,Los Angeles Lakers,13,0.004
2019,Los Angeles Lakers,Los Angeles Lakers,14,0.0
2019,Charlotte Hornets,Charlotte Hornets,1,0.01
2019,Charlotte Hornets,Charlotte Hornets,2,0.011
2019,Charlotte Hornets,Charlotte Hornets,3,0.012
2019,Charlotte Hornets,Charlotte Hornets,4,0.014
2019,Charlotte Hornets,Charlotte Hornets,12,0.861
2019,Charlotte Hornets,Charlotte Hornets,13,0.09
2019,Charlotte Hornets,Charlotte Hornets,14,0.002
2019,Miami Heat,Miami Heat,1,0.01
2019,Miami Heat,Miami Heat,2,0.011
2019,Miami Heat,Miami Heat,3,0.012
2019,Miami Heat,Miami Heat,4,0.014
2019,Miami Heat,Miami Heat,13,0.906
2019,Miami Heat,Miami Heat,14,0.046
2019,Sacramento Kings,Sacramento Kings,1,0.01
2019,Sacramento Kings,Sacramento Kings,2,0.011
2019,Sacramento Kings,Sacramento Kings,3,0.012
2019,Sacramento Kings,Sacramento Kings,4,0.014
2019,Sacramento Kings,Sacramento Kings,14,0.952
2020,Golden State Warriors,Golden State Warriors,1,0.14
2020,Golden State Warriors,Golden State Warriors,2,0.134
2020,Golden State Warriors,Golden State Warriors,3,0.127
2020,Golden State Warriors,Golden State Warriors,4,0.12
2020,Golden State Warriors,Golden State Warriors,5,0.479
2020,Cleveland Cavaliers,Cleveland Cavaliers,1,0.14
2020,Cleveland Cavaliers,Cleveland Cavaliers,2,0.134
2020,Cleveland Cavaliers,Cleveland Cavaliers,3,0.127
2020,Cleveland Cavaliers,Cleveland Cavaliers,4,0.12
2020,Cleveland Cavaliers,Cleveland Cavaliers,5,0.278
2020,Cleveland Cavaliers,Cleveland Cavaliers,6,0.2
2020,Minnesota Timberwolves,Minnesota Timberwolves,1,0.14
2020,Minnesota Timberwolves,Minnesota Timberwolves,2,0.134
2020,Minnesota Timberwolves,Minnesota Timberwolves,3,0.127
2020,Minnesota Timberwolves,Minnesota Timberwolves,4,0.12
2020,Minnesota Timberwolves,Minnesota Timberwolves,5,0.148
2020,Minnesota Timberwolves,Minnesota Timberwolves,6,0.26
2020,Minnesota Timberwolves,Minnesota Timberwolves,7,0.07
2020,Atlanta Hawks,Atlanta Hawks,1,0.125
2020,Atlanta Hawks,Atlanta Hawks,2,0.122
2020,Atlanta Hawks,Atlanta Hawks,3,0.119
2020,Atlanta Hawks,Atlanta Hawks,4,0.115
2020,Atlanta Hawks,Atlanta Hawks,5,0.072
2020,Atlanta Hawks,Atlanta Hawks,6,0.257
2020,Atlanta Hawks,Atlanta Hawks,7,0.167
2020,Atlanta Hawks,Atlanta Hawks,8,0.022
2020,Detroit Pistons,Detroit Pistons,1,0.105
2020,Detroit Pistons,Detroit Pistons,2,0.105
2020,Detroit Pistons,Detroit Pistons,3,0.106
2020,Detroit Pistons,Detroit Pistons,4,0.105
2020,Detroit Pistons,Detroit Pistons,5,0.022
2020,Detroit Pistons,Detroit Pistons,6,0.196
2020,Detroit Pistons,Detroit Pistons,7,0.267
2020,Detroit Pistons,Detroit Pistons,8,0.087
2020,Detroit Pistons,Detroit Pistons,9,0.006
2020,New York Knicks,New York Knicks,1,0.09
2020,New York Knicks,New York Knicks,2,0.092
2020,New York Knicks,New York Knicks,3,0.094
2020,New York Knicks,New York Knicks,4,0.096
2020,New York Knicks,New York Knicks,6,0.086
2020,New York Knicks,New York Knicks,7,0.298
2020,New York Knicks,New York Knicks,8,0.206
2020,New York Knicks,New York Knicks,9,0.037
2020,New York Knicks,New York Knicks,10,0.001
2020,Chicago Bulls,Chicago Bulls,1,0.075
2020,Chicago Bulls,Chicago Bulls,2,0.078
2020,Chicago Bulls,Chicago Bulls,3,0.081
2020,Chicago Bulls,Chicago Bulls,4,0.085
2020,Chicago Bulls,Chicago Bulls,7,0.197
2020,Chicago Bulls,Chicago Bulls,8,0.341
2020,Chicago Bulls,Chicago Bulls,9,0.129
2020,Chicago Bulls,Chicago Bulls,10,0.013
2020,Chicago Bulls,Chicago Bulls,11,0.0
2020,Charlotte Hornets,Charlotte Hornets,1,0.06
2020,Charlotte Hornets,Charlotte Hornets,2,0.063
2020,Charlotte Hornets,Charlotte Hornets,3,0.067
2020,Charlotte Hornets,Charlotte Hornets,4,0.072
2020,Charlotte Hornets,Charlotte Hornets,8,0.345
2020,Charlotte Hornets,Charlotte Hornets,9,0.321
2020,Charlotte Hornets,Charlotte Hornets,10,0.068
2020,Charlotte Hornets,Charlotte Hornets,11,0.004
2020,Charlotte Hornets,Charlotte Hornets,12,0.0
2020,Washington Wizards,Washington Wizards,1,0.045
2020,Washington Wizards,Washington Wizards,2,0.048
2020,Washington Wizards,Washington Wizards,3,0.052
2020,Washington Wizards,Washington Wizards,4,0.057
2020,Washington Wizards,Washington Wizards,9,0.507
2020,Washington Wizards,Washington Wizards,10,0.259
2020,Washington Wizards,Washington Wizards,11,0.03
2020,Washington Wizards,Washington Wizards,12,0.001
2020,Washington Wizards,Washington Wizards,13,0.0
2020,Phoenix Suns,Phoenix Suns,1,0.03
2020,Phoenix Suns,Phoenix Suns,2,0.033
2020,Phoenix Suns,Phoenix Suns,3,0.036
2020,Phoenix Suns,Phoenix Suns,4,0.04
2020,Phoenix Suns,Phoenix Suns,10,0.659
2020,Phoenix Suns,Phoenix Suns,11,0.19
2020,Phoenix Suns,Phoenix Suns,12,0.012
2020,Phoenix Suns,Phoenix Suns,13,0.0
2020,Phoenix Suns,Phoenix Suns,14,0.0
2020,San Antonio Spurs,San Antonio Spurs,1,0.02
2020,San Antonio Spurs,San Antonio Spurs,2,0.022
2020,San Antonio Spurs,San Antonio Spurs,3,0.025
2020,San Antonio Spurs,San Antonio Spurs,4,0.028
2020,San Antonio Spurs,San Antonio Spurs,11,0.776
2020,San Antonio Spurs,San Antonio Spurs,12,0.126
2020,San Antonio Spurs,San Antonio Spurs,13,0.004
2020,San Antonio Spurs,San Antonio Spurs,14,0.0
2020,Sacramento Kings,Sacramento Kings,1,0.013
2020,Sacramento Kings,Sacramento Kings,2,0.014
2020,Sacramento Kings,Sacramento Kings,3,0.016
2020,Sacramento Kings,Sacramento Kings,4,0.018
2020,Sacramento Kings,Sacramento Kings,12,0.861
2020,Sacramento Kings,Sacramento Kings,13,0.076
2020,Sacramento Kings,Sacramento Kings,14,0.001
2020,New Orleans Pelicans,New Orleans Pelicans,1,0.012
2020,New Orleans Pelicans,New Orleans Pelicans,2,0.013
2020,New Orleans Pelicans,New Orleans Pelicans,3,0.015
2020,New Orleans Pelicans,New Orleans Pelicans,4,0.017
2020,New Orleans Pelicans,New Orleans Pelicans,13,0.92
2020,New Orleans Pelicans,New Orleans Pelicans,14,0.023
2020,Memphis Grizzlies,Memphis Grizzlies,1,0.005
2020,Memphis Grizzlies,Memphis Grizzlies,2,0.006
2020,Memphis Grizzlies,Memphis Grizzlies,3,0.006
2020,Memphis Grizzlies,Memphis Grizzlies,4,0.007
2020,Memphis Grizzlies,Memphis Grizzlies,14,0.976
